keys,en,fr,de,es
GAME_TITLE,Guinea Pig Life,Guinea Pig Life,Guinea Pig Life,Guinea Pig Life
BOOT_LOADING,Loading...,Chargement...,Wird geladen...,Cargando...
MENU_NEW,New game,Nouvelle partie,Neues Spiel,Nueva partida
MENU_CONTINUE,Continue,Continuer,Weiter,Continuar
MENU_LANGUAGE,Language,Langue,Sprache,Idioma
STAT_FOOD,Food,Nourriture,Futter,Comida
STAT_WATER,Water,Eau,Wasser,Agua
STAT_HEALTH,Health,Santé,Gesundheit,Salud
STAT_HAPPINESS,Happiness,Bonheur,Glück,Felicidad
ACTION_SQUEAK,Weeek!,Weeek !,Weeek!,¡Weeek!
ACTION_NOSE_PUNCH,Nose punch,Coup de nez,Nasenstupser,Golpe de nariz
